a06511,::1,GET,http://localhost:8000/,1486909011,,302
a78bca,::1,GET,http://localhost:8000/bolt/userfirst,1486909012,,302
efe558,::1,GET,http://localhost:8000/bolt/userfirst,1486909015,,200
b01f90,127.0.0.1,GET,http://localhost:8000/async/dashboardnews,1486909301,e06d4a,200
cabf0f,127.0.0.1,GET,http://localhost:8000/async/latestactivity,1486909301,e06d4a,200
e06d4a,::1,GET,http://localhost:8000/bolt,1486909302,,200
2e4af1,::1,GET,http://localhost:8000/async/latestactivity,1486909334,,200
97f85c,::1,GET,http://localhost:8000/async/latestactivity,1486914573,,200
ccefb4,::1,GET,http://localhost:8000/async/latestactivity,1486914602,,200
349071,::1,GET,http://localhost:8000/async/latestactivity,1486918228,,200
744b82,::1,GET,http://localhost:8000/async/latestactivity,1486918258,,200
f704a2,::1,GET,http://localhost:8000/async/latestactivity,1486924550,,200
bcb52d,::1,GET,http://localhost:8000/bolt/prefill?force=1,1486924570,,302
8bf1f0,::1,GET,http://localhost:8000/bolt/prefill,1486924574,,200
aaa3b3,::1,POST,http://localhost:8000/bolt/prefill,1486924627,,302
098092,::1,GET,http://localhost:8000/bolt/prefill,1486924628,,200
4b1711,127.0.0.1,GET,http://localhost:8000/async/dashboardnews,1486925576,559f27,200
d3b5c8,127.0.0.1,GET,http://localhost:8000/async/latestactivity,1486925576,559f27,200
559f27,::1,GET,http://localhost:8000/bolt,1486925576,,200
d80dae,::1,GET,http://localhost:8000/async/latestactivity,1486925631,,200
7d3531,::1,GET,http://localhost:8000/async/latestactivity,1486925660,,200
58b8dd,::1,GET,http://localhost:8000/async/latestactivity,1486925691,,200
ecff83,::1,GET,http://localhost:8000/async/latestactivity,1486925720,,200
d9ea40,127.0.0.1,GET,http://localhost:8000/async/lastmodified/blocks,1486925728,0f4cdd,200
0f4cdd,::1,GET,http://localhost:8000/bolt/overview/blocks,1486925729,,200
b9165f,::1,GET,http://localhost:8000/,1486925731,,200
9bb643,::1,GET,http://localhost:8000/bolt/extend,1486925817,,200
4ccbd4,::1,GET,http://localhost:8000/bolt/extend,1486925818,,200
6ed907,::1,GET,http://localhost:8000/bolt/extend/installed,1486925821,,200
a70f6a,127.0.0.1,GET,http://localhost:8000/async/dashboardnews,1486925832,9565ab,200
aac5ba,127.0.0.1,GET,http://localhost:8000/async/latestactivity,1486925832,9565ab,200
9565ab,::1,GET,http://localhost:8000/bolt,1486925832,,200
9ccfc5,::1,GET,http://localhost:8000/bolt/systemlog,1486925861,,200
2882cb,::1,GET,http://localhost:8000/async/latestactivity,1486925957,,200
b318c4,::1,GET,http://localhost:8000/async/latestactivity,1486925987,,200
083838,::1,GET,http://localhost:8000/async/latestactivity,1486926017,,200
eb401d,::1,GET,http://localhost:8000/async/latestactivity,1486926047,,200
139939,::1,GET,http://localhost:8000/async/latestactivity,1486926077,,200
dbaaea,::1,GET,http://localhost:8000/async/latestactivity,1486926107,,200
420d97,::1,GET,http://localhost:8000/async/latestactivity,1486926137,,200
df9d96,::1,GET,http://localhost:8000/async/latestactivity,1486926167,,200
81d58b,::1,GET,http://localhost:8000/async/latestactivity,1486926197,,200
e6d504,::1,GET,http://localhost:8000/async/latestactivity,1486926227,,200
9195c3,::1,GET,http://localhost:8000/async/latestactivity,1486926257,,200
8abffa,::1,GET,http://localhost:8000/async/latestactivity,1486926287,,200
41b89e,::1,GET,http://localhost:8000/async/latestactivity,1486926319,,200
fe20a3,::1,GET,http://localhost:8000/async/latestactivity,1486926347,,200
159485,::1,GET,http://localhost:8000/async/latestactivity,1486926377,,200
c23d07,::1,GET,http://localhost:8000/async/latestactivity,1486926407,,200
876ac2,::1,GET,http://localhost:8000/async/latestactivity,1486926437,,200
07ee66,::1,GET,http://localhost:8000/async/latestactivity,1486926467,,200
6a6752,::1,GET,http://localhost:8000/async/latestactivity,1486926497,,200
8badec,::1,GET,http://localhost:8000/async/latestactivity,1486926521,,200
c86832,::1,GET,http://localhost:8000/async/latestactivity,1486926553,,200
d5dc67,::1,GET,http://localhost:8000/async/latestactivity,1486926581,,200
385e20,::1,GET,http://localhost:8000/async/latestactivity,1486926611,,200
7f81ab,::1,GET,http://localhost:8000/async/latestactivity,1486926641,,200
8ce91e,::1,GET,http://localhost:8000/async/latestactivity,1486926671,,200
7b3bb3,::1,GET,http://localhost:8000/async/latestactivity,1486926701,,200
1ade79,::1,GET,http://localhost:8000/async/latestactivity,1486926732,,200
b6308d,::1,GET,http://localhost:8000/async/latestactivity,1486926762,,200
a7cc28,::1,GET,http://localhost:8000/async/latestactivity,1486926791,,200
549d82,::1,GET,http://localhost:8000/async/latestactivity,1486926821,,200
5309a9,::1,GET,http://localhost:8000/async/latestactivity,1486926864,,200
6f1095,::1,GET,http://localhost:8000/async/latestactivity,1486926881,,200
bd0b4c,::1,GET,http://localhost:8000/async/latestactivity,1486926911,,200
d77345,::1,GET,http://localhost:8000/async/latestactivity,1486926941,,200
21cf96,::1,GET,http://localhost:8000/async/latestactivity,1486926973,,200
17caaa,::1,GET,http://localhost:8000/async/latestactivity,1486927001,,200
ad1086,::1,GET,http://localhost:8000/async/latestactivity,1486927031,,200
63d852,::1,GET,http://localhost:8000/async/latestactivity,1486927061,,200
1bd73c,::1,GET,http://localhost:8000/async/latestactivity,1486927091,,200
81a44c,::1,GET,http://localhost:8000/async/latestactivity,1486927121,,200
823405,::1,GET,http://localhost:8000/async/latestactivity,1486927151,,200
0e3b10,::1,GET,http://localhost:8000/async/latestactivity,1486927181,,200
46574d,::1,GET,http://localhost:8000/async/latestactivity,1486927211,,200
aa5c70,::1,GET,http://localhost:8000/async/latestactivity,1486927241,,200
e96eb9,::1,GET,http://localhost:8000/async/latestactivity,1486927271,,200
9f3b81,::1,GET,http://localhost:8000/async/latestactivity,1486927301,,200
e4acfe,::1,GET,http://localhost:8000/,1491153419,,200
a1f347,::1,GET,http://localhost:8000/,1491153522,,302
dd3b91,::1,GET,http://localhost:8000/bolt/userfirst,1491153523,,302
3b4657,::1,GET,http://localhost:8000/bolt/userfirst,1491153524,,200
996feb,127.0.0.1,GET,http://localhost:8000/async/dashboardnews,1491153555,2111b4,200
667390,127.0.0.1,GET,http://localhost:8000/async/latestactivity,1491153555,2111b4,200
2111b4,::1,GET,http://localhost:8000/bolt,1491153555,,200
b7d3dc,::1,GET,http://localhost:8000/async/latestactivity,1491153587,,200
ee1ebb,::1,GET,http://localhost:8000/async/latestactivity,1491153617,,200
ff34fe,::1,GET,http://localhost:8000/async/latestactivity,1491153647,,200
072124,::1,GET,http://localhost:8000/async/latestactivity,1491153677,,200
a9c9a3,::1,GET,http://localhost:8000/async/latestactivity,1491153708,,200
70b32a,::1,GET,http://localhost:8000/async/latestactivity,1491153737,,200
9e3d0f,::1,GET,http://localhost:8000/async/latestactivity,1491153768,,200
04f988,::1,GET,http://localhost:8000/async/latestactivity,1491153797,,200
256131,::1,GET,http://localhost:8000/async/latestactivity,1491153828,,200
cfdb78,::1,GET,http://localhost:8000/async/latestactivity,1491153857,,200
659919,::1,GET,http://localhost:8000/async/latestactivity,1491153888,,200
e22329,::1,GET,http://localhost:8000/async/latestactivity,1491153916,,200
a34419,::1,GET,http://localhost:8000/async/latestactivity,1491153947,,200
3f622b,::1,GET,http://localhost:8000/async/latestactivity,1491153976,,200
bd81ff,::1,GET,http://localhost:8000/async/latestactivity,1491154008,,200
35560a,::1,GET,http://localhost:8000/async/latestactivity,1491154100,,200
ccb650,::1,GET,http://localhost:8000/async/latestactivity,1491154130,,200
def6c5,::1,GET,http://localhost:8000/async/latestactivity,1491154160,,200
1367f1,::1,GET,http://localhost:8000/async/latestactivity,1491154190,,200
d7db23,::1,GET,http://localhost:8000/async/latestactivity,1491154220,,200
20a7cc,::1,GET,http://localhost:8000/async/latestactivity,1491154250,,200
f7117a,::1,GET,http://localhost:8000/async/latestactivity,1491154280,,200
d9be1c,::1,GET,http://localhost:8000/async/latestactivity,1491154310,,200
1c3673,::1,GET,http://localhost:8000/async/latestactivity,1491154340,,200
e3a399,::1,GET,http://localhost:8000/async/latestactivity,1491154370,,200
670b0c,::1,GET,http://localhost:8000/async/latestactivity,1491154400,,200
214b0f,::1,GET,http://localhost:8000/async/latestactivity,1491154430,,200
f4e80e,::1,GET,http://localhost:8000/async/latestactivity,1491154460,,200
4f508f,::1,GET,http://localhost:8000/async/latestactivity,1491154490,,200
f98725,127.0.0.1,GET,http://localhost:8000/async/dashboardnews,1491154517,9cef6f,200
568a8d,127.0.0.1,GET,http://localhost:8000/async/latestactivity,1491154517,9cef6f,200
9cef6f,::1,GET,http://localhost:8000/bolt,1491154517,,200
a89fa3,::1,GET,http://localhost:8000/,1491154522,,200
2cecdb,::1,GET,http://localhost:8000/pages,1491154544,,200
64fb41,::1,GET,http://localhost:8000/pages,1491154545,,200
51e4ee,::1,GET,http://localhost:8000/async/latestactivity,1491154550,,200
ea8889,::1,GET,http://localhost:8000/async/latestactivity,1491154579,,200
c4d793,::1,GET,http://localhost:8000/async/latestactivity,1491154609,,200
09644b,::1,GET,http://localhost:8000/async/latestactivity,1491154639,,200
bb7a79,::1,GET,http://localhost:8000/async/latestactivity,1491154669,,200
126b53,::1,GET,http://localhost:8000/async/latestactivity,1491154699,,200
212aa3,::1,GET,http://localhost:8000/async/latestactivity,1491154729,,200
db5598,::1,GET,http://localhost:8000/async/latestactivity,1491154759,,200
4feca4,::1,GET,http://localhost:8000/async/latestactivity,1491154789,,200
5ea3c0,::1,GET,http://localhost:8000/async/latestactivity,1491154819,,200
18e6fc,::1,GET,http://localhost:8000/async/latestactivity,1491154849,,200
23daa7,::1,GET,http://localhost:8000/async/latestactivity,1491154879,,200
0d0014,::1,GET,http://localhost:8000/async/latestactivity,1491154909,,200
dff403,::1,GET,http://localhost:8000/async/latestactivity,1491154939,,200
8a8324,::1,GET,http://localhost:8000/async/latestactivity,1491154968,,200
4e3e40,::1,GET,http://localhost:8000/async/latestactivity,1491154999,,200
4d5bf2,::1,GET,http://localhost:8000/async/latestactivity,1491155029,,200
d783dc,::1,GET,http://localhost:8000/async/latestactivity,1491155059,,200
2c6f37,::1,GET,http://localhost:8000/async/latestactivity,1491155090,,200
f3fa89,::1,GET,http://localhost:8000/async/latestactivity,1491155119,,200
8bc0f9,::1,GET,http://localhost:8000/async/latestactivity,1491155149,,200
e22846,::1,GET,http://localhost:8000/async/latestactivity,1491155179,,200
4ac3e7,::1,GET,http://localhost:8000/async/latestactivity,1491155209,,200
736c31,::1,GET,http://localhost:8000/async/latestactivity,1491155240,,200
cbea6b,::1,GET,http://localhost:8000/async/latestactivity,1491155269,,200
cc0fbc,::1,GET,http://localhost:8000/async/latestactivity,1491155299,,200
c2a7a4,::1,GET,http://localhost:8000/async/latestactivity,1491155329,,200
4a5258,::1,GET,http://localhost:8000/async/latestactivity,1491155359,,200
bef704,::1,GET,http://localhost:8000/async/latestactivity,1491155389,,200
419c57,::1,GET,http://localhost:8000/async/latestactivity,1491155419,,200
983d68,::1,GET,http://localhost:8000/async/latestactivity,1491155450,,200
9812e8,::1,GET,http://localhost:8000/async/latestactivity,1491155479,,200
ab8bce,::1,GET,http://localhost:8000/async/latestactivity,1491155509,,200
a0dba8,::1,GET,http://localhost:8000/async/latestactivity,1491155539,,200
6eb938,::1,GET,http://localhost:8000/async/latestactivity,1491155569,,200
f1f13f,::1,GET,http://localhost:8000/async/latestactivity,1491155599,,200
94254f,::1,GET,http://localhost:8000/async/latestactivity,1491155630,,200
995d23,::1,GET,http://localhost:8000/async/latestactivity,1491155659,,200
2529bc,::1,GET,http://localhost:8000/async/latestactivity,1491155689,,200
cb66f5,::1,GET,http://localhost:8000/async/latestactivity,1491155719,,200
54d579,::1,GET,http://localhost:8000/async/latestactivity,1491155749,,200
efdc9d,::1,GET,http://localhost:8000/async/latestactivity,1491155779,,200
94bb44,::1,GET,http://localhost:8000/async/latestactivity,1491155809,,200
ee4618,::1,GET,http://localhost:8000/async/latestactivity,1491155839,,200
22bfce,::1,GET,http://localhost:8000/async/latestactivity,1491155869,,200
28591a,::1,GET,http://localhost:8000/async/latestactivity,1491155899,,200
926bee,::1,GET,http://localhost:8000/async/latestactivity,1491155929,,200
59a783,::1,GET,http://localhost:8000/async/latestactivity,1491155959,,200
cd3fe8,::1,GET,http://localhost:8000/async/latestactivity,1491155989,,200
ffb6c3,::1,GET,http://localhost:8000/async/latestactivity,1491156019,,200
eb65cb,::1,GET,http://localhost:8000/async/latestactivity,1491156049,,200
444030,::1,GET,http://localhost:8000/async/latestactivity,1491156079,,200
f8dc29,::1,GET,http://localhost:8000/async/latestactivity,1491156110,,200
d7e804,::1,GET,http://localhost:8000/async/latestactivity,1491156139,,200
a2db30,::1,GET,http://localhost:8000/async/latestactivity,1491156169,,200
29a5c3,::1,GET,http://localhost:8000/async/latestactivity,1491156199,,200
ab0b50,::1,GET,http://localhost:8000/async/latestactivity,1491156229,,200
cf27af,::1,GET,http://localhost:8000/async/latestactivity,1491156259,,200
7d504a,::1,GET,http://localhost:8000/async/latestactivity,1491156289,,200
152fa7,::1,GET,http://localhost:8000/async/latestactivity,1491156319,,200
c3365a,::1,GET,http://localhost:8000/async/latestactivity,1491156349,,200
bded06,::1,GET,http://localhost:8000/async/latestactivity,1491156379,,200
8ee913,::1,GET,http://localhost:8000/async/latestactivity,1491156409,,200
aa8a7e,::1,GET,http://localhost:8000/async/latestactivity,1491156439,,200
e82547,::1,GET,http://localhost:8000/async/latestactivity,1491156469,,200
c9eb3b,::1,GET,http://localhost:8000/async/latestactivity,1491156499,,200
55e70a,::1,GET,http://localhost:8000/async/latestactivity,1491156529,,200
8d4e3b,::1,GET,http://localhost:8000/async/latestactivity,1491156559,,200
64fb79,::1,GET,http://localhost:8000/async/latestactivity,1491156589,,200
b16370,::1,GET,http://localhost:8000/async/latestactivity,1491156753,,200
12d6ff,::1,GET,http://localhost:8000/async/latestactivity,1491156782,,200
2782ed,::1,GET,http://localhost:8000/async/latestactivity,1491156812,,200
66e514,::1,GET,http://localhost:8000/async/latestactivity,1491156841,,200
d59ad2,::1,GET,http://localhost:8000/async/latestactivity,1491156872,,200
d6a5c1,::1,GET,http://localhost:8000/async/latestactivity,1491156902,,200
4356fe,::1,GET,http://localhost:8000/async/latestactivity,1491156932,,200
e00a4a,::1,GET,http://localhost:8000/async/latestactivity,1491156962,,200
1a9e2a,::1,GET,http://localhost:8000/async/latestactivity,1491156992,,200
4e45dc,::1,GET,http://localhost:8000/async/latestactivity,1491157022,,200
a52cb7,::1,GET,http://localhost:8000/async/latestactivity,1491157052,,200
8753b8,::1,GET,http://localhost:8000/async/latestactivity,1491157082,,200
c7fb16,::1,GET,http://localhost:8000/async/latestactivity,1491157112,,200
64c154,::1,GET,http://localhost:8000/async/latestactivity,1491157142,,200
ea3759,::1,GET,http://localhost:8000/async/latestactivity,1491157173,,200
540808,::1,GET,http://localhost:8000/async/latestactivity,1491157202,,200
da096c,::1,GET,http://localhost:8000/async/latestactivity,1491157231,,200
8e25e5,::1,GET,http://localhost:8000/async/latestactivity,1491157261,,200
310aac,::1,GET,http://localhost:8000/async/latestactivity,1491157291,,200
ecd81f,::1,GET,http://localhost:8000/async/latestactivity,1491157322,,200
22c627,::1,GET,http://localhost:8000/async/latestactivity,1491157351,,200
97263e,::1,GET,http://localhost:8000/async/latestactivity,1491157382,,200
2c30f7,::1,GET,http://localhost:8000/async/latestactivity,1491157411,,200
888626,::1,GET,http://localhost:8000/async/latestactivity,1491157442,,200
5a0174,::1,GET,http://localhost:8000/async/latestactivity,1491157472,,200
60fd83,::1,GET,http://localhost:8000/async/latestactivity,1491157501,,200
3a8f8c,::1,GET,http://localhost:8000/async/latestactivity,1491157532,,200
7b7a6f,::1,GET,http://localhost:8000/async/latestactivity,1491157562,,200
da590e,::1,GET,http://localhost:8000/async/latestactivity,1491157592,,200
66388b,::1,GET,http://localhost:8000/async/latestactivity,1491157621,,200
6c8645,::1,GET,http://localhost:8000/async/latestactivity,1491157652,,200
e08cc6,::1,GET,http://localhost:8000/async/latestactivity,1491157682,,200
c63206,::1,GET,http://localhost:8000/async/latestactivity,1491157712,,200
1a05cb,::1,GET,http://localhost:8000/async/latestactivity,1491157742,,200
4bc277,::1,GET,http://localhost:8000/async/latestactivity,1491157772,,200
6213b5,::1,GET,http://localhost:8000/async/latestactivity,1491157802,,200
aaae16,::1,GET,http://localhost:8000/async/latestactivity,1491157832,,200
193c07,::1,GET,http://localhost:8000/async/latestactivity,1491157862,,200
7661e9,::1,GET,http://localhost:8000/async/latestactivity,1491157892,,200
befea2,::1,GET,http://localhost:8000/async/latestactivity,1491157922,,200
2ee79a,::1,GET,http://localhost:8000/async/latestactivity,1491157952,,200
11e183,::1,GET,http://localhost:8000/async/latestactivity,1491157982,,200
e4dc5e,::1,GET,http://localhost:8000/async/latestactivity,1491158012,,200
631ae6,::1,GET,http://localhost:8000/async/latestactivity,1491158042,,200
721698,::1,GET,http://localhost:8000/async/latestactivity,1491158072,,200
00c98b,::1,GET,http://localhost:8000/async/latestactivity,1491158102,,200
df1552,::1,GET,http://localhost:8000/async/latestactivity,1491158132,,200
56e525,::1,GET,http://localhost:8000/async/latestactivity,1491158162,,200
b77bfb,::1,GET,http://localhost:8000/async/latestactivity,1491158192,,200
4c64ee,::1,GET,http://localhost:8000/async/latestactivity,1491158222,,200
5e33e9,::1,GET,http://localhost:8000/async/latestactivity,1491158252,,200
5dbf81,::1,GET,http://localhost:8000/async/latestactivity,1491158282,,200
df160f,::1,GET,http://localhost:8000/async/latestactivity,1491158311,,200
8a9630,::1,GET,http://localhost:8000/async/latestactivity,1491158341,,200
49b485,::1,GET,http://localhost:8000/async/latestactivity,1491158371,,200
51cbd5,::1,GET,http://localhost:8000/async/latestactivity,1491158401,,200
ed200c,::1,GET,http://localhost:8000/async/latestactivity,1491158432,,200
a88fbe,::1,GET,http://localhost:8000/async/latestactivity,1491158461,,200
11c40d,::1,GET,http://localhost:8000/async/latestactivity,1491158492,,200
84e2ea,::1,GET,http://localhost:8000/async/latestactivity,1491158521,,200
adfc5d,::1,GET,http://localhost:8000/,1491158549,,200
893e04,::1,GET,http://localhost:8000/async/latestactivity,1491158551,,200
faa83c,::1,GET,http://localhost:8000/async/latestactivity,1491158582,,200
42627d,::1,GET,http://localhost:8000/async/latestactivity,1491158611,,200
0db70e,::1,GET,http://localhost:8000/async/latestactivity,1491158641,,200
0f6c7a,::1,GET,http://localhost:8000/async/latestactivity,1491158671,,200
b00641,::1,GET,http://localhost:8000/async/latestactivity,1491158703,,200
3c3a01,::1,GET,http://localhost:8000/async/latestactivity,1491158733,,200
